emotion, value
sadness,0.151263
joy, 0.593235
fear,.099528
disgust, 0.099528
anger, 0.066232