passage, sadness, joy, fear, disgust, anger
Ithilien, 0.151263, 0.593235, .099528, 0.099528, 0.066232
Telperion and Laurelin, 0.144452, 0.637863, 0.135316, 0.051494, 0.0713
Unknown Species, 0.594716, 0.56925, 0.095484, 0.047912, 0.085836
Anthropocene, 0.483922, 0.616054, 0.084587, 0.06852, 0.085741