{
    "emotion": {
        "document": {
            "emotion": {
                "sadness": 0.151263,
                "joy": 0.593235,
                "fear": 0.099528,
                "disgust": 0.048858,
                "anger": 0.066232
            }
        }
    }
}