{
    "emotion": {
        "document": {
            "emotion": {
                "sadness": 0.594716,
                "joy": 0.56925,
                "fear": 0.095484,
                "disgust": 0.047912,
                "anger": 0.085836
            }
        }
    }
}